{
  "experiment": "waterbirds_v3_soft_weighting",
  "variant": "v2_sign_flip",
  "soft_weighting": {
    "enabled": true,
    "scale": 20.0,
    "obj_weight_mean": 0.4055127501487732,
    "bg_weight_mean": 0.5944872498512268
  },
  "dataset_sizes": {
    "id": 2000,
    "ood": 2000
  },
  "component_stats": {
    "s_neglabel": {
      "id_mean": 0.0011149021527380682,
      "ood_mean": 0.0010947207729914226,
      "gap": 2.0181379746645562e-05
    },
    "p_align": {
      "id_mean": 0.12871637068130076,
      "ood_mean": 0.14762824772309976,
      "gap": -0.018911877041799002
    }
  },
  "lambda_sweep": {
    "0.0": {
      "auroc": 0.768922875,
      "fpr95": 0.7073818092728658,
      "aupr_in": 0.8096191929559078,
      "aupr_out": 0.0
    },
    "0.5": {
      "auroc": 0.37029625000000005,
      "fpr95": 0.4088455405248474,
      "aupr_in": 0.4074261453244432,
      "aupr_out": 0.0
    },
    "1.0": {
      "auroc": 0.37015525,
      "fpr95": 0.40876543256099224,
      "aupr_in": 0.407365377823706,
      "aupr_out": 0.0
    },
    "2.0": {
      "auroc": 0.37008575,
      "fpr95": 0.4087278120620978,
      "aupr_in": 0.4073328555622208,
      "aupr_out": 0.0
    },
    "3.0": {
      "auroc": 0.3700629999999999,
      "fpr95": 0.40871504122542235,
      "aupr_in": 0.4073226412026464,
      "aupr_out": 0.0
    },
    "5.0": {
      "auroc": 0.37004475000000003,
      "fpr95": 0.4087039859599743,
      "aupr_in": 0.40731461528625,
      "aupr_out": 0.0
    },
    "10.0": {
      "auroc": 0.37003050000000004,
      "fpr95": 0.40869569818322304,
      "aupr_in": 0.40730895612463924,
      "aupr_out": 0.0
    }
  },
  "best_lambda": 0.0,
  "best_auroc": 0.768922875,
  "best_metrics": {
    "auroc": 0.768922875,
    "fpr95": 0.7073818092728658,
    "aupr_in": 0.8096191929559078,
    "aupr_out": 0.0
  }
}