{
  "config": {
    "method": "comparison_plain_star_palign",
    "dataset": "waterbirds_2class_vs_placesbg",
    "id_samples": 5794,
    "ood_samples": 10000,
    "lambda_values": [
      0.0,
      0.5,
      1.0,
      2.0,
      3.0,
      4.0,
      5.0,
      6.0,
      7.0,
      8.0
    ],
    "neg_counts": {
      "all_negatives": 6370,
      "n_obj": 2866,
      "n_bg": 2866,
      "n_amb": 638
    }
  },
  "baseline_plain_6370": {
    "method": "plain NegLabel (all 6370 negatives)",
    "metrics": {
      "auroc": 0.9768145322747671,
      "fpr95": 0.0,
      "aupr_in": 0.9458306295333894,
      "aupr_out": 0.9864986925674502
    },
    "id_statistics": {
      "mean": 0.6327040881505562,
      "std": 0.22186383893055364,
      "min": 0.0011558708501979709,
      "max": 0.9963828921318054,
      "median": 0.6688198745250702
    },
    "ood_statistics": {
      "mean": 0.06830492283411876,
      "std": 0.12319699263695309,
      "min": 2.5019584427354857e-05,
      "max": 0.9927335977554321,
      "median": 0.022942320443689823
    }
  },
  "baseline_star_2866": {
    "method": "star NegLabel (N_obj 2866 only)",
    "metrics": {
      "auroc": 0.9722954263030722,
      "fpr95": 0.0,
      "aupr_in": 0.9383053930300767,
      "aupr_out": 0.9829451671914499
    },
    "id_statistics": {
      "mean": 0.8043446722939115,
      "std": 0.17047965495260195,
      "min": 0.003127447096630931,
      "max": 0.9987921118736267,
      "median": 0.8565370738506317
    },
    "ood_statistics": {
      "mean": 0.1758979873242977,
      "std": 0.190526398954018,
      "min": 8.07545002317056e-05,
      "max": 0.9982746839523315,
      "median": 0.102800652384758
    }
  },
  "method_plain_palign": {
    "method": "plain (6370) + \u03bb*P_align",
    "lambda_results": [
      {
        "lambda": 0.0,
        "auroc": 0.9768145322747671,
        "fpr95": 0.0,
        "aupr_in": 0.9458306295333894,
        "aupr_out": 0.9864986925674502,
        "id_mean": 0.6327040881505562,
        "ood_mean": 0.06830492283411876
      },
      {
        "lambda": 0.5,
        "auroc": 0.9774069382119434,
        "fpr95": 0.0,
        "aupr_in": 0.9468401858228332,
        "aupr_out": 0.9874184611013118,
        "id_mean": 0.5469998274393958,
        "ood_mean": -0.023354733871867938
      },
      {
        "lambda": 1.0,
        "auroc": 0.9778493786675873,
        "fpr95": 0.0,
        "aupr_in": 0.9476381080950268,
        "aupr_out": 0.9878659384919853,
        "id_mean": 0.46129556672823524,
        "ood_mean": -0.11501439057785465
      },
      {
        "lambda": 2.0,
        "auroc": 0.9784906627545736,
        "fpr95": 0.0,
        "aupr_in": 0.9489039437296239,
        "aupr_out": 0.9883825634842724,
        "id_mean": 0.28988704530591425,
        "ood_mean": -0.29833370398982806
      },
      {
        "lambda": 3.0,
        "auroc": 0.9789253538142906,
        "fpr95": 0.0,
        "aupr_in": 0.9497726753082186,
        "aupr_out": 0.9886971380495788,
        "id_mean": 0.11847852388359327,
        "ood_mean": -0.4816530174018015
      },
      {
        "lambda": 4.0,
        "auroc": 0.9792165343458752,
        "fpr95": 0.0,
        "aupr_in": 0.9504527828167336,
        "aupr_out": 0.9888932419229228,
        "id_mean": -0.05292999753872772,
        "ood_mean": -0.6649723308137749
      },
      {
        "lambda": 5.0,
        "auroc": 0.9794050396962375,
        "fpr95": 0.0,
        "aupr_in": 0.9509202855854263,
        "aupr_out": 0.9890134728243571,
        "id_mean": -0.2243385189610487,
        "ood_mean": -0.8482916442257483
      },
      {
        "lambda": 6.0,
        "auroc": 0.9795117362789092,
        "fpr95": 0.0,
        "aupr_in": 0.9513177556368325,
        "aupr_out": 0.9890793924856536,
        "id_mean": -0.3957470403833697,
        "ood_mean": -1.0316109576377217
      },
      {
        "lambda": 7.0,
        "auroc": 0.9795501898515707,
        "fpr95": 0.0,
        "aupr_in": 0.9515416064040807,
        "aupr_out": 0.9890997382822667,
        "id_mean": -0.5671555618056907,
        "ood_mean": -1.2149302710496952
      },
      {
        "lambda": 8.0,
        "auroc": 0.9795240248532964,
        "fpr95": 0.0,
        "aupr_in": 0.9516764541215419,
        "aupr_out": 0.9890812431250613,
        "id_mean": -0.7385640832280117,
        "ood_mean": -1.3982495844616685
      }
    ],
    "best_result": {
      "lambda": 7.0,
      "auroc": 0.9795501898515707,
      "fpr95": 0.0,
      "aupr_in": 0.9515416064040807,
      "aupr_out": 0.9890997382822667,
      "id_mean": -0.5671555618056907,
      "ood_mean": -1.2149302710496952
    }
  },
  "method_star_palign": {
    "method": "star (2866) + \u03bb*P_align",
    "lambda_results": [
      {
        "lambda": 0.0,
        "auroc": 0.9722954263030722,
        "fpr95": 0.0,
        "aupr_in": 0.9383053930300767,
        "aupr_out": 0.9829451671914499,
        "id_mean": 0.8043446722939115,
        "ood_mean": 0.1758979873242977
      },
      {
        "lambda": 0.5,
        "auroc": 0.9727671901967553,
        "fpr95": 0.0,
        "aupr_in": 0.9400767276361321,
        "aupr_out": 0.9836077038165091,
        "id_mean": 0.7186404115827509,
        "ood_mean": 0.08423833061831101
      },
      {
        "lambda": 1.0,
        "auroc": 0.9731874352778739,
        "fpr95": 0.0,
        "aupr_in": 0.941305193631565,
        "aupr_out": 0.9841243078058262,
        "id_mean": 0.6329361508715905,
        "ood_mean": -0.007421326087675697
      },
      {
        "lambda": 2.0,
        "auroc": 0.9739288229202624,
        "fpr95": 0.0,
        "aupr_in": 0.9430820993096374,
        "aupr_out": 0.9849187465693153,
        "id_mean": 0.4615276294492695,
        "ood_mean": -0.19074063949964912
      },
      {
        "lambda": 3.0,
        "auroc": 0.9745356057991025,
        "fpr95": 0.0,
        "aupr_in": 0.9442716052575377,
        "aupr_out": 0.9854946916721354,
        "id_mean": 0.2901191080269485,
        "ood_mean": -0.37405995291162253
      },
      {
        "lambda": 4.0,
        "auroc": 0.9750220573006558,
        "fpr95": 0.0,
        "aupr_in": 0.9450967488346521,
        "aupr_out": 0.9859223520316077,
        "id_mean": 0.11871058660462752,
        "ood_mean": -0.5573792663235959
      },
      {
        "lambda": 5.0,
        "auroc": 0.9754030894028305,
        "fpr95": 0.0,
        "aupr_in": 0.9456823634661217,
        "aupr_out": 0.9862548867526844,
        "id_mean": -0.05269793481769347,
        "ood_mean": -0.7406985797355694
      },
      {
        "lambda": 6.0,
        "auroc": 0.9756961339316533,
        "fpr95": 0.0,
        "aupr_in": 0.9460128956158546,
        "aupr_out": 0.986517879961531,
        "id_mean": -0.22410645624001446,
        "ood_mean": -0.9240178931475428
      },
      {
        "lambda": 7.0,
        "auroc": 0.9759113565757681,
        "fpr95": 0.0,
        "aupr_in": 0.9462133267955122,
        "aupr_out": 0.9867212238920816,
        "id_mean": -0.39551497766233545,
        "ood_mean": -1.1073372065595162
      },
      {
        "lambda": 8.0,
        "auroc": 0.9760594753192959,
        "fpr95": 0.0,
        "aupr_in": 0.9462578682700213,
        "aupr_out": 0.9868794027291304,
        "id_mean": -0.5669234990846564,
        "ood_mean": -1.2906565199714897
      }
    ],
    "best_result": {
      "lambda": 8.0,
      "auroc": 0.9760594753192959,
      "fpr95": 0.0,
      "aupr_in": 0.9462578682700213,
      "aupr_out": 0.9868794027291304,
      "id_mean": -0.5669234990846564,
      "ood_mean": -1.2906565199714897
    }
  }
}