{
  "config": {
    "method": "plain_neglabel_with_p_align",
    "dataset": "waterbirds_vs_placesbg",
    "id_samples": 5794,
    "ood_samples": 10000,
    "lambda_bg": 1.0
  },
  "plain_neglabel": {
    "id_statistics": {
      "mean": 0.6327040881505562,
      "std": 0.22186383893055364,
      "min": 0.0011558708501979709,
      "max": 0.9963828921318054,
      "median": 0.6688198745250702
    },
    "ood_statistics": {
      "mean": 0.06830492283411876,
      "std": 0.12319699263695309,
      "min": 2.5019584427354857e-05,
      "max": 0.9927335977554321,
      "median": 0.022942320443689823
    },
    "metrics": {
      "auroc": 0.9768145322747671,
      "aupr_in": 0.9458306295333894,
      "aupr_out": 0.9864986925674502,
      "fpr95": 0.0
    }
  },
  "with_p_align": {
    "id_statistics": {
      "mean": 0.46129556672823524,
      "std": 0.22370703899381408,
      "min": -0.18205065396614373,
      "max": 0.8562001436948776,
      "median": 0.4954012855887413,
      "p_align_mean": -0.171408521422321,
      "p_align_std": 0.00875575490090167
    },
    "ood_statistics": {
      "mean": -0.11501439057785465,
      "std": 0.12581313523985754,
      "min": -0.21685173393052537,
      "max": 0.8431199267506599,
      "median": -0.15931464545428753,
      "p_align_mean": -0.1833193134119734,
      "p_align_std": 0.008643259036931665
    },
    "metrics": {
      "auroc": 0.9778493786675873,
      "aupr_in": 0.9476381080950268,
      "aupr_out": 0.9878659384919853,
      "fpr95": 0.0
    }
  }
}